{"app_version":59,"keymap_db_version":13,"fingerprint_map_list":[{"action_list":[],"constraints":[],"constraint_mode":1,"extras":[],"flags":0,"id":0,"enabled":true},{"action_list":[],"constraints":[],"constraint_mode":1,"extras":[],"flags":0,"id":1,"enabled":true},{"action_list":[],"constraints":[],"constraint_mode":1,"extras":[],"flags":0,"id":2,"enabled":true},{"action_list":[],"constraints":[],"constraint_mode":1,"extras":[],"flags":0,"id":3,"enabled":true}],"keymap_list":[{"actionList":[{"data":"com.termux","extras":[],"flags":0,"type":"APP","uid":"5cc450ac-d7c7-400e-953c-540010d7d1fb"}],"constraintList":[{"extras":[{"data":"com.termux","id":"extra_package_name"}],"type":"constraint_app_not_foreground"}],"constraintMode":1,"flags":0,"id":1,"isEnabled":true,"trigger":{"extras":[],"flags":24,"keys":[{"clickType":0,"deviceId":"io.github.sds100.keymapper.ANY_DEVICE","flags":0,"keyCode":117,"uid":"123b95c0-17c4-429a-9b57-b323a338bc45"},{"clickType":0,"deviceId":"io.github.sds100.keymapper.ANY_DEVICE","flags":0,"keyCode":48,"uid":"4ae1fff9-cecc-44d2-8245-f8ed62991d04"}],"mode":0},"uid":"2f614a46-849a-439a-8f72-07062d6ede3f"},{"actionList":[{"data":"67","extras":[],"flags":4,"type":"KEY_EVENT","uid":"998b8acb-0d4b-4d4c-8355-edfa8834bab0"}],"constraintList":[],"constraintMode":1,"flags":0,"id":19,"isEnabled":true,"trigger":{"extras":[],"flags":0,"keys":[{"clickType":0,"deviceId":"io.github.sds100.keymapper.ANY_DEVICE","flags":0,"keyCode":112,"uid":"297ac201-ca56-44d2-99ec-9d956b8986ba"}],"mode":2},"uid":"b60aa25d-41ba-464e-800e-b4a80ec65520"},{"actionList":[{"data":"111","extras":[],"flags":4,"type":"KEY_EVENT","uid":"8758650f-ee2b-46a6-a8a6-2e757ec5e286"}],"constraintList":[],"constraintMode":1,"flags":0,"id":22,"isEnabled":true,"trigger":{"extras":[],"flags":0,"keys":[{"clickType":0,"deviceId":"97c6075330d540c7d5fba50c3170f0a76cd04681","deviceName":"BT3.0 BK","flags":0,"keyCode":84,"uid":"21f43e01-5235-4c04-94b7-9ea7cf3fd4a1"}],"mode":2},"uid":"e059cb80-f97e-489c-843a-02ae5de5bd0f"},{"actionList":[{"data":"toggle_auto_rotate","extras":[],"flags":0,"type":"SYSTEM_ACTION","uid":"d735ab2d-551a-4d97-8655-192486825071"}],"constraintList":[],"constraintMode":1,"flags":0,"id":23,"isEnabled":true,"trigger":{"extras":[],"flags":24,"keys":[{"clickType":0,"deviceId":"io.github.sds100.keymapper.ANY_DEVICE","flags":1,"keyCode":113,"uid":"75c648bf-2ef1-4bec-a276-262cbc58a0ec"},{"clickType":0,"deviceId":"io.github.sds100.keymapper.ANY_DEVICE","flags":1,"keyCode":57,"uid":"12b7a18d-6e0e-414f-acfa-f3300b61a4c6"},{"clickType":0,"deviceId":"io.github.sds100.keymapper.ANY_DEVICE","flags":0,"keyCode":29,"uid":"df23a9ef-a620-4970-9677-419eadd6648f"}],"mode":0},"uid":"c52e865d-29ec-4269-aaed-d33f5f1bf0b9"},{"actionList":[{"data":"mark.via","extras":[],"flags":0,"type":"APP","uid":"258d7e35-8728-49a2-a35a-b8ed60f4a636"}],"constraintList":[],"constraintMode":1,"flags":0,"id":24,"isEnabled":true,"trigger":{"extras":[],"flags":0,"keys":[{"clickType":0,"deviceId":"97c6075330d540c7d5fba50c3170f0a76cd04681","deviceName":"BT3.0 BK","flags":1,"keyCode":117,"uid":"0714a0fc-c79e-4638-95c8-feda7b9714e5"},{"clickType":0,"deviceId":"97c6075330d540c7d5fba50c3170f0a76cd04681","deviceName":"BT3.0 BK","flags":0,"keyCode":30,"uid":"5bc17a27-43f2-4bda-9ca5-e0f2a7660e0e"}],"mode":0},"uid":"3a66ffec-2a7f-41f8-ac7b-49d05827c2bd"},{"actionList":[],"constraintList":[],"constraintMode":1,"flags":0,"id":25,"isEnabled":true,"trigger":{"extras":[],"flags":0,"keys":[],"mode":2},"uid":"066c78ac-3521-4a00-8f0b-6840dd8ab1d9"}]}