{"app_version":59,"keymap_db_version":13,"fingerprint_map_list":[{"action_list":[],"constraints":[],"constraint_mode":1,"extras":[],"flags":0,"id":0,"enabled":true},{"action_list":[],"constraints":[],"constraint_mode":1,"extras":[],"flags":0,"id":1,"enabled":true},{"action_list":[],"constraints":[],"constraint_mode":1,"extras":[],"flags":0,"id":2,"enabled":true},{"action_list":[],"constraints":[],"constraint_mode":1,"extras":[],"flags":0,"id":3,"enabled":true}],"keymap_list":[{"actionList":[{"data":"com.termux","extras":[],"flags":0,"type":"APP","uid":"5cc450ac-d7c7-400e-953c-540010d7d1fb"}],"constraintList":[],"constraintMode":1,"flags":0,"id":1,"isEnabled":true,"trigger":{"extras":[],"flags":16,"keys":[{"clickType":0,"deviceId":"io.github.sds100.keymapper.ANY_DEVICE","flags":1,"keyCode":117,"uid":"123b95c0-17c4-429a-9b57-b323a338bc45"},{"clickType":0,"deviceId":"io.github.sds100.keymapper.ANY_DEVICE","flags":0,"keyCode":48,"uid":"4ae1fff9-cecc-44d2-8245-f8ed62991d04"}],"mode":0},"uid":"2f614a46-849a-439a-8f72-07062d6ede3f"},{"actionList":[{"data":"mark.via","extras":[],"flags":0,"type":"APP","uid":"362111c3-98ff-4ffa-a8d3-59f7a45579aa"}],"constraintList":[],"constraintMode":1,"flags":0,"id":11,"isEnabled":true,"trigger":{"extras":[],"flags":16,"keys":[{"clickType":0,"deviceId":"io.github.sds100.keymapper.ANY_DEVICE","flags":1,"keyCode":117,"uid":"628c93d8-1686-4064-8c74-aad51fc83d9e"},{"clickType":0,"deviceId":"io.github.sds100.keymapper.ANY_DEVICE","flags":0,"keyCode":47,"uid":"fe9e03ce-b9aa-4f72-8995-721c93ce7ea9"}],"mode":0},"uid":"d228b6a3-2f6e-4e0c-bad6-3dab94f4c86d"},{"actionList":[{"data":"com.microsoft.todos","extras":[],"flags":0,"type":"APP","uid":"60e1ef35-4336-4aad-ab9b-1d3ff0f7ac1e"}],"constraintList":[],"constraintMode":1,"flags":0,"id":12,"isEnabled":true,"trigger":{"extras":[],"flags":0,"keys":[{"clickType":0,"deviceId":"io.github.sds100.keymapper.ANY_DEVICE","flags":1,"keyCode":117,"uid":"66222694-7e96-4c23-b2c3-cbea2aeb3f73"},{"clickType":0,"deviceId":"io.github.sds100.keymapper.ANY_DEVICE","flags":0,"keyCode":40,"uid":"64b64baf-c149-4b00-9c1e-6348d8b70b15"}],"mode":0},"uid":"9993002b-3f77-4c7f-9afe-e9c0e8d4fe50"},{"actionList":[{"data":"67","extras":[],"flags":4,"type":"KEY_EVENT","uid":"998b8acb-0d4b-4d4c-8355-edfa8834bab0"}],"constraintList":[],"constraintMode":1,"flags":0,"id":19,"isEnabled":true,"trigger":{"extras":[],"flags":0,"keys":[{"clickType":0,"deviceId":"io.github.sds100.keymapper.ANY_DEVICE","flags":0,"keyCode":112,"uid":"297ac201-ca56-44d2-99ec-9d956b8986ba"}],"mode":2},"uid":"b60aa25d-41ba-464e-800e-b4a80ec65520"},{"actionList":[{"data":"switch_orientation","extras":[],"flags":0,"type":"SYSTEM_ACTION","uid":"ba382df4-0cb1-4af7-bf5a-81622b9bc269"}],"constraintList":[],"constraintMode":1,"flags":0,"id":21,"isEnabled":true,"trigger":{"extras":[],"flags":0,"keys":[{"clickType":0,"deviceId":"io.github.sds100.keymapper.ANY_DEVICE","flags":1,"keyCode":113,"uid":"efcae35c-92bb-4a40-95f7-f66f7facdf59"},{"clickType":0,"deviceId":"io.github.sds100.keymapper.ANY_DEVICE","flags":1,"keyCode":57,"uid":"e9117a6c-e92a-4a4d-9541-ea22869757c6"},{"clickType":0,"deviceId":"io.github.sds100.keymapper.ANY_DEVICE","flags":0,"keyCode":47,"uid":"9c056038-860b-4b63-bef0-979ed9f740fd"}],"mode":0},"uid":"51d96725-9442-4a20-83c2-a7be276b706b"},{"actionList":[{"data":"111","extras":[],"flags":4,"type":"KEY_EVENT","uid":"8758650f-ee2b-46a6-a8a6-2e757ec5e286"}],"constraintList":[],"constraintMode":1,"flags":0,"id":22,"isEnabled":true,"trigger":{"extras":[],"flags":0,"keys":[{"clickType":0,"deviceId":"97c6075330d540c7d5fba50c3170f0a76cd04681","deviceName":"BT3.0 BK","flags":0,"keyCode":84,"uid":"21f43e01-5235-4c04-94b7-9ea7cf3fd4a1"}],"mode":2},"uid":"e059cb80-f97e-489c-843a-02ae5de5bd0f"}]}