{"app_version":63,"keymap_db_version":13,"fingerprint_map_list":[{"action_list":[],"constraints":[],"constraint_mode":1,"extras":[],"flags":0,"id":0,"enabled":true},{"action_list":[],"constraints":[],"constraint_mode":1,"extras":[],"flags":0,"id":1,"enabled":true},{"action_list":[],"constraints":[],"constraint_mode":1,"extras":[],"flags":0,"id":2,"enabled":true},{"action_list":[],"constraints":[],"constraint_mode":1,"extras":[],"flags":0,"id":3,"enabled":true}],"keymap_list":[{"actionList":[{"data":"com.termux","extras":[],"flags":0,"type":"APP","uid":"73cbea85-138e-4022-a905-70b3fe4ddad7"}],"constraintList":[],"constraintMode":1,"flags":0,"id":3,"isEnabled":true,"trigger":{"extras":[],"flags":16,"keys":[{"clickType":0,"deviceId":"io.github.sds100.keymapper.ANY_DEVICE","flags":1,"keyCode":117,"uid":"6eeae435-20d0-4c2b-a512-0865296191fd"},{"clickType":0,"deviceId":"io.github.sds100.keymapper.ANY_DEVICE","flags":0,"keyCode":48,"uid":"94316c18-fb8f-4e3a-a815-2a2a25f4314d"}],"mode":0},"uid":"9b198b1b-60cc-4522-8497-5c0d7a703316"},{"actionList":[{"data":"org.mozilla.firefox","extras":[],"flags":0,"type":"APP","uid":"fc38f196-fdd7-4d53-8e65-1bf3f0a0d978"}],"constraintList":[],"constraintMode":1,"flags":0,"id":4,"isEnabled":true,"trigger":{"extras":[],"flags":0,"keys":[{"clickType":0,"deviceId":"io.github.sds100.keymapper.ANY_DEVICE","flags":1,"keyCode":117,"uid":"e3af11e9-0cb0-4c1f-81fb-0a077c8fa6a2"},{"clickType":0,"deviceId":"io.github.sds100.keymapper.ANY_DEVICE","flags":0,"keyCode":47,"uid":"5bc5caa3-92d0-4a0a-a98d-eed8f1242ac9"}],"mode":0},"uid":"187c6e09-6e51-4e7c-88b6-5561e8fbfea6"},{"actionList":[{"data":"io.github.sds100.keymapper","extras":[],"flags":0,"type":"APP","uid":"b75f43ff-01c0-4482-800a-5c1868baa3f4"}],"constraintList":[],"constraintMode":1,"flags":0,"id":5,"isEnabled":true,"trigger":{"extras":[],"flags":0,"keys":[{"clickType":0,"deviceId":"io.github.sds100.keymapper.ANY_DEVICE","flags":1,"keyCode":117,"uid":"82121dd6-87a5-4d10-8612-4bd558e9f60d"},{"clickType":0,"deviceId":"io.github.sds100.keymapper.ANY_DEVICE","flags":0,"keyCode":39,"uid":"4711e663-260e-4d99-87e5-c2426375845b"}],"mode":0},"uid":"eaf51908-6590-47b9-be99-6ad1ba0b8849"},{"actionList":[{"data":"com.github.android","extras":[],"flags":0,"type":"APP","uid":"37b79b2f-a49d-4f21-ac76-8969c0ca78b4"}],"constraintList":[],"constraintMode":1,"flags":0,"id":6,"isEnabled":true,"trigger":{"extras":[],"flags":0,"keys":[{"clickType":0,"deviceId":"io.github.sds100.keymapper.ANY_DEVICE","flags":1,"keyCode":117,"uid":"51d0f666-67f8-4643-9f3e-40888c70ca19"},{"clickType":0,"deviceId":"io.github.sds100.keymapper.ANY_DEVICE","flags":0,"keyCode":35,"uid":"161b417c-371b-4f34-bef8-4fa1bf854e57"}],"mode":0},"uid":"ae3acdce-d9c2-47a5-9956-b557c815f122"}]}