{"app_version":63,"keymap_db_version":13,"fingerprint_map_list":[{"action_list":[],"constraints":[],"constraint_mode":1,"extras":[],"flags":0,"id":0,"enabled":true},{"action_list":[],"constraints":[],"constraint_mode":1,"extras":[],"flags":0,"id":1,"enabled":true},{"action_list":[],"constraints":[],"constraint_mode":1,"extras":[],"flags":0,"id":2,"enabled":true},{"action_list":[],"constraints":[],"constraint_mode":1,"extras":[],"flags":0,"id":3,"enabled":true}],"keymap_list":[{"actionList":[{"data":"com.termux","extras":[],"flags":0,"type":"APP","uid":"73cbea85-138e-4022-a905-70b3fe4ddad7"}],"constraintList":[],"constraintMode":1,"flags":0,"id":1,"isEnabled":true,"trigger":{"extras":[],"flags":16,"keys":[{"clickType":0,"deviceId":"io.github.sds100.keymapper.ANY_DEVICE","flags":1,"keyCode":117,"uid":"6eeae435-20d0-4c2b-a512-0865296191fd"},{"clickType":0,"deviceId":"io.github.sds100.keymapper.ANY_DEVICE","flags":0,"keyCode":48,"uid":"94316c18-fb8f-4e3a-a815-2a2a25f4314d"}],"mode":0},"uid":"9b198b1b-60cc-4522-8497-5c0d7a703316"},{"actionList":[{"data":"mark.via.gp","extras":[],"flags":0,"type":"APP","uid":"bfa22f24-b404-4c49-a2ca-f37db15d5ac2"}],"constraintList":[],"constraintMode":1,"flags":0,"id":2,"isEnabled":true,"trigger":{"extras":[],"flags":0,"keys":[{"clickType":0,"deviceId":"io.github.sds100.keymapper.ANY_DEVICE","flags":1,"keyCode":117,"uid":"e3af11e9-0cb0-4c1f-81fb-0a077c8fa6a2"},{"clickType":0,"deviceId":"io.github.sds100.keymapper.ANY_DEVICE","flags":0,"keyCode":47,"uid":"5bc5caa3-92d0-4a0a-a98d-eed8f1242ac9"}],"mode":0},"uid":"187c6e09-6e51-4e7c-88b6-5561e8fbfea6"}]}