{"app_version":59,"keymap_db_version":13,"fingerprint_map_list":[{"action_list":[],"constraints":[],"constraint_mode":1,"extras":[],"flags":0,"id":0,"enabled":true},{"action_list":[],"constraints":[],"constraint_mode":1,"extras":[],"flags":0,"id":1,"enabled":true},{"action_list":[],"constraints":[],"constraint_mode":1,"extras":[],"flags":0,"id":2,"enabled":true},{"action_list":[],"constraints":[],"constraint_mode":1,"extras":[],"flags":0,"id":3,"enabled":true}],"keymap_list":[{"actionList":[{"data":"com.termux","extras":[],"flags":0,"type":"APP","uid":"5cc450ac-d7c7-400e-953c-540010d7d1fb"}],"constraintList":[],"constraintMode":1,"flags":0,"id":1,"isEnabled":true,"trigger":{"extras":[],"flags":16,"keys":[{"clickType":0,"deviceId":"io.github.sds100.keymapper.ANY_DEVICE","flags":1,"keyCode":117,"uid":"123b95c0-17c4-429a-9b57-b323a338bc45"},{"clickType":0,"deviceId":"io.github.sds100.keymapper.ANY_DEVICE","flags":0,"keyCode":48,"uid":"4ae1fff9-cecc-44d2-8245-f8ed62991d04"}],"mode":0},"uid":"890f81b6-f8e2-4a03-bd4f-6736fb008ca4"},{"actionList":[{"data":"mark.via","extras":[],"flags":0,"type":"APP","uid":"362111c3-98ff-4ffa-a8d3-59f7a45579aa"}],"constraintList":[],"constraintMode":1,"flags":0,"id":2,"isEnabled":true,"trigger":{"extras":[],"flags":16,"keys":[{"clickType":0,"deviceId":"io.github.sds100.keymapper.ANY_DEVICE","flags":1,"keyCode":117,"uid":"628c93d8-1686-4064-8c74-aad51fc83d9e"},{"clickType":0,"deviceId":"io.github.sds100.keymapper.ANY_DEVICE","flags":0,"keyCode":47,"uid":"fe9e03ce-b9aa-4f72-8995-721c93ce7ea9"}],"mode":0},"uid":"5efab711-3aa2-4829-82c6-8c746f059f20"},{"actionList":[{"data":"com.microsoft.todos","extras":[],"flags":0,"type":"APP","uid":"60e1ef35-4336-4aad-ab9b-1d3ff0f7ac1e"}],"constraintList":[],"constraintMode":1,"flags":0,"id":5,"isEnabled":true,"trigger":{"extras":[],"flags":0,"keys":[{"clickType":0,"deviceId":"io.github.sds100.keymapper.ANY_DEVICE","flags":1,"keyCode":117,"uid":"66222694-7e96-4c23-b2c3-cbea2aeb3f73"},{"clickType":0,"deviceId":"io.github.sds100.keymapper.ANY_DEVICE","flags":0,"keyCode":40,"uid":"64b64baf-c149-4b00-9c1e-6348d8b70b15"}],"mode":0},"uid":"95541767-6ef4-413d-8638-699ec282a18e"},{"actionList":[{"data":"org.strongswan.android","extras":[],"flags":0,"type":"APP","uid":"cf85fe10-9d41-44b0-91ea-86e0151a5207"}],"constraintList":[],"constraintMode":1,"flags":0,"id":6,"isEnabled":true,"trigger":{"extras":[],"flags":0,"keys":[{"clickType":0,"deviceId":"io.github.sds100.keymapper.ANY_DEVICE","flags":1,"keyCode":117,"uid":"8beb779f-3b42-4c28-b88d-59e3d048ae46"},{"clickType":0,"deviceId":"io.github.sds100.keymapper.ANY_DEVICE","flags":0,"keyCode":50,"uid":"f427186d-f145-46c6-a2de-c0278585fd7f"}],"mode":0},"uid":"53f333d2-477e-49b4-96b1-1a4d1a27e61b"},{"actionList":[{"data":"io.github.sds100.keymapper","extras":[],"flags":0,"type":"APP","uid":"4b2a95ab-835b-42db-a350-ce4bd0f5c785"}],"constraintList":[],"constraintMode":1,"flags":0,"id":7,"isEnabled":true,"trigger":{"extras":[],"flags":0,"keys":[{"clickType":0,"deviceId":"io.github.sds100.keymapper.ANY_DEVICE","flags":1,"keyCode":117,"uid":"e30cd9ac-31ad-4897-b48f-28dfd31bdf7d"},{"clickType":0,"deviceId":"io.github.sds100.keymapper.ANY_DEVICE","flags":0,"keyCode":39,"uid":"ad9dc5eb-5df8-4554-9301-a020c02f2f0c"}],"mode":0},"uid":"7672a4cb-3e33-4913-a8b7-9fd87e743575"},{"actionList":[{"data":"com.tencent.androidqqmail","extras":[],"flags":0,"type":"APP","uid":"fd0133eb-080b-4b68-bc30-8a3d1d6a40af"}],"constraintList":[],"constraintMode":1,"flags":0,"id":9,"isEnabled":true,"trigger":{"extras":[],"flags":0,"keys":[{"clickType":0,"deviceId":"io.github.sds100.keymapper.ANY_DEVICE","flags":1,"keyCode":117,"uid":"23e96ca7-328e-4c08-8e92-8661c69990ca"},{"clickType":0,"deviceId":"io.github.sds100.keymapper.ANY_DEVICE","flags":0,"keyCode":33,"uid":"9f87a134-74a5-4296-95b1-4cd9fb6453a1"}],"mode":0},"uid":"3100d36e-db8f-4aeb-921c-3fe44c5235bc"},{"actionList":[{"data":"com.tencent.mm","extras":[],"flags":0,"type":"APP","uid":"4023fd13-662d-498a-9a0f-98e3632c851e"}],"constraintList":[],"constraintMode":1,"flags":0,"id":10,"isEnabled":true,"trigger":{"extras":[],"flags":0,"keys":[{"clickType":0,"deviceId":"io.github.sds100.keymapper.ANY_DEVICE","flags":1,"keyCode":117,"uid":"b6acee0a-be1f-45f4-9f15-33a4030b38dc"},{"clickType":0,"deviceId":"io.github.sds100.keymapper.ANY_DEVICE","flags":0,"keyCode":51,"uid":"e8896b2c-1554-464f-b964-dcffac6892ad"}],"mode":0},"uid":"eebab3a8-0655-4875-a2db-4d4553882795"},{"actionList":[{"data":"com.android.alarmclock","extras":[],"flags":0,"type":"APP","uid":"8b73e94c-07ae-4168-934e-e8c046a0af0b"}],"constraintList":[],"constraintMode":1,"flags":0,"id":11,"isEnabled":true,"trigger":{"extras":[],"flags":0,"keys":[{"clickType":0,"deviceId":"io.github.sds100.keymapper.ANY_DEVICE","flags":1,"keyCode":117,"uid":"65d3b8b3-0e2f-4808-a475-0c1ee0d36af2"},{"clickType":0,"deviceId":"io.github.sds100.keymapper.ANY_DEVICE","flags":0,"keyCode":31,"uid":"bb2556ff-b5c7-4947-ac04-31e3868c322e"}],"mode":0},"uid":"3e44b9bd-19ad-4cf2-8b94-6ecf42b4fdd8"},{"actionList":[{"data":"landscape_mode","extras":[],"flags":0,"type":"SYSTEM_ACTION","uid":"374214eb-b7c8-43ba-acd6-5d811a7170d4"}],"constraintList":[],"constraintMode":1,"flags":0,"id":19,"isEnabled":true,"trigger":{"extras":[],"flags":0,"keys":[{"clickType":0,"deviceId":"io.github.sds100.keymapper.ANY_DEVICE","flags":1,"keyCode":113,"uid":"61775ef2-40fb-4909-95d2-27a4d0cd4d6c"},{"clickType":0,"deviceId":"io.github.sds100.keymapper.ANY_DEVICE","flags":1,"keyCode":57,"uid":"720dae6d-6469-4fe7-991f-d5e3b486e1ef"},{"clickType":0,"deviceId":"io.github.sds100.keymapper.ANY_DEVICE","flags":0,"keyCode":40,"uid":"0103ff75-be40-4bff-82fe-025a8c27b50c"}],"mode":0},"uid":"1dbeb45f-5e53-449c-91f4-cea98c8ab644"},{"actionList":[{"data":"com.termux","extras":[],"flags":0,"type":"APP","uid":"5cc450ac-d7c7-400e-953c-540010d7d1fb"}],"constraintList":[],"constraintMode":1,"flags":0,"id":20,"isEnabled":true,"trigger":{"extras":[],"flags":16,"keys":[{"clickType":0,"deviceId":"io.github.sds100.keymapper.ANY_DEVICE","flags":1,"keyCode":117,"uid":"123b95c0-17c4-429a-9b57-b323a338bc45"},{"clickType":0,"deviceId":"io.github.sds100.keymapper.ANY_DEVICE","flags":0,"keyCode":48,"uid":"4ae1fff9-cecc-44d2-8245-f8ed62991d04"}],"mode":0},"uid":"94d2e405-ef9b-42f3-b9c3-500d08b2ddb3"},{"actionList":[{"data":"mark.via","extras":[],"flags":0,"type":"APP","uid":"362111c3-98ff-4ffa-a8d3-59f7a45579aa"}],"constraintList":[],"constraintMode":1,"flags":0,"id":21,"isEnabled":true,"trigger":{"extras":[],"flags":16,"keys":[{"clickType":0,"deviceId":"io.github.sds100.keymapper.ANY_DEVICE","flags":1,"keyCode":117,"uid":"628c93d8-1686-4064-8c74-aad51fc83d9e"},{"clickType":0,"deviceId":"io.github.sds100.keymapper.ANY_DEVICE","flags":0,"keyCode":47,"uid":"fe9e03ce-b9aa-4f72-8995-721c93ce7ea9"}],"mode":0},"uid":"01c66693-4cea-4f09-8068-439f165aeded"},{"actionList":[{"data":"com.microsoft.todos","extras":[],"flags":0,"type":"APP","uid":"60e1ef35-4336-4aad-ab9b-1d3ff0f7ac1e"}],"constraintList":[],"constraintMode":1,"flags":0,"id":22,"isEnabled":true,"trigger":{"extras":[],"flags":0,"keys":[{"clickType":0,"deviceId":"io.github.sds100.keymapper.ANY_DEVICE","flags":1,"keyCode":117,"uid":"66222694-7e96-4c23-b2c3-cbea2aeb3f73"},{"clickType":0,"deviceId":"io.github.sds100.keymapper.ANY_DEVICE","flags":0,"keyCode":40,"uid":"64b64baf-c149-4b00-9c1e-6348d8b70b15"}],"mode":0},"uid":"1d6920b9-008e-4f8a-bf15-f2563aef1653"},{"actionList":[{"data":"org.strongswan.android","extras":[],"flags":0,"type":"APP","uid":"cf85fe10-9d41-44b0-91ea-86e0151a5207"}],"constraintList":[],"constraintMode":1,"flags":0,"id":23,"isEnabled":true,"trigger":{"extras":[],"flags":0,"keys":[{"clickType":0,"deviceId":"io.github.sds100.keymapper.ANY_DEVICE","flags":1,"keyCode":117,"uid":"8beb779f-3b42-4c28-b88d-59e3d048ae46"},{"clickType":0,"deviceId":"io.github.sds100.keymapper.ANY_DEVICE","flags":0,"keyCode":50,"uid":"f427186d-f145-46c6-a2de-c0278585fd7f"}],"mode":0},"uid":"d852c12e-ec73-4634-b83d-57dd1974f421"},{"actionList":[{"data":"io.github.sds100.keymapper","extras":[],"flags":0,"type":"APP","uid":"4b2a95ab-835b-42db-a350-ce4bd0f5c785"}],"constraintList":[],"constraintMode":1,"flags":0,"id":24,"isEnabled":true,"trigger":{"extras":[],"flags":0,"keys":[{"clickType":0,"deviceId":"io.github.sds100.keymapper.ANY_DEVICE","flags":1,"keyCode":117,"uid":"e30cd9ac-31ad-4897-b48f-28dfd31bdf7d"},{"clickType":0,"deviceId":"io.github.sds100.keymapper.ANY_DEVICE","flags":0,"keyCode":39,"uid":"ad9dc5eb-5df8-4554-9301-a020c02f2f0c"}],"mode":0},"uid":"46108272-362d-4b2a-8c02-09a2b9a330e6"},{"actionList":[{"data":"com.tencent.androidqqmail","extras":[],"flags":0,"type":"APP","uid":"fd0133eb-080b-4b68-bc30-8a3d1d6a40af"}],"constraintList":[],"constraintMode":1,"flags":0,"id":25,"isEnabled":true,"trigger":{"extras":[],"flags":0,"keys":[{"clickType":0,"deviceId":"io.github.sds100.keymapper.ANY_DEVICE","flags":1,"keyCode":117,"uid":"23e96ca7-328e-4c08-8e92-8661c69990ca"},{"clickType":0,"deviceId":"io.github.sds100.keymapper.ANY_DEVICE","flags":0,"keyCode":33,"uid":"9f87a134-74a5-4296-95b1-4cd9fb6453a1"}],"mode":0},"uid":"ec79a35e-4033-4b75-8348-384c96f7a1d0"},{"actionList":[{"data":"com.tencent.mm","extras":[],"flags":0,"type":"APP","uid":"4023fd13-662d-498a-9a0f-98e3632c851e"}],"constraintList":[],"constraintMode":1,"flags":0,"id":26,"isEnabled":true,"trigger":{"extras":[],"flags":0,"keys":[{"clickType":0,"deviceId":"io.github.sds100.keymapper.ANY_DEVICE","flags":1,"keyCode":117,"uid":"b6acee0a-be1f-45f4-9f15-33a4030b38dc"},{"clickType":0,"deviceId":"io.github.sds100.keymapper.ANY_DEVICE","flags":0,"keyCode":51,"uid":"e8896b2c-1554-464f-b964-dcffac6892ad"}],"mode":0},"uid":"f99f49bd-96b3-4726-ab15-0e3f42506ec8"},{"actionList":[{"data":"com.android.alarmclock","extras":[],"flags":0,"type":"APP","uid":"8b73e94c-07ae-4168-934e-e8c046a0af0b"}],"constraintList":[],"constraintMode":1,"flags":0,"id":27,"isEnabled":true,"trigger":{"extras":[],"flags":0,"keys":[{"clickType":0,"deviceId":"io.github.sds100.keymapper.ANY_DEVICE","flags":1,"keyCode":117,"uid":"65d3b8b3-0e2f-4808-a475-0c1ee0d36af2"},{"clickType":0,"deviceId":"io.github.sds100.keymapper.ANY_DEVICE","flags":0,"keyCode":31,"uid":"bb2556ff-b5c7-4947-ac04-31e3868c322e"}],"mode":0},"uid":"dec496fa-16f7-43d7-be81-38292e10b8b4"},{"actionList":[{"data":"com.baidu.netdisk","extras":[],"flags":0,"type":"APP","uid":"64f60696-1633-4156-8ca2-0701de4767df"}],"constraintList":[],"constraintMode":1,"flags":0,"id":28,"isEnabled":true,"trigger":{"extras":[],"flags":0,"keys":[{"clickType":0,"deviceId":"io.github.sds100.keymapper.ANY_DEVICE","flags":1,"keyCode":117,"uid":"70f41b98-cf43-420c-bb2b-f1c1bcf68d98"},{"clickType":0,"deviceId":"io.github.sds100.keymapper.ANY_DEVICE","flags":0,"keyCode":30,"uid":"2fae1486-55d0-4dd7-b300-8ff46d5f14fb"}],"mode":0},"uid":"27b55459-9838-4be6-bb8c-aed4ca036a20"},{"actionList":[{"data":"67","extras":[],"flags":4,"type":"KEY_EVENT","uid":"998b8acb-0d4b-4d4c-8355-edfa8834bab0"}],"constraintList":[],"constraintMode":1,"flags":0,"id":29,"isEnabled":true,"trigger":{"extras":[],"flags":0,"keys":[{"clickType":0,"deviceId":"e4de16d3b8d8c1cae99ea60cc3cd336bf2fd04fe","deviceName":"BT5.0 BK","flags":0,"keyCode":112,"uid":"297ac201-ca56-44d2-99ec-9d956b8986ba"}],"mode":2},"uid":"2c8972bc-62c4-4b5d-a71d-10dd695a9922"},{"actionList":[{"data":"67","extras":[],"flags":4,"type":"KEY_EVENT","uid":"afa9d921-f528-43d3-982e-27aa1c6a2b7b"}],"constraintList":[],"constraintMode":1,"flags":0,"id":30,"isEnabled":true,"trigger":{"extras":[],"flags":0,"keys":[{"clickType":0,"deviceId":"e4de16d3b8d8c1cae99ea60cc3cd336bf2fd04fe","deviceName":"BT5.0 BK","flags":1,"keyCode":60,"uid":"e1acbbb4-6734-4198-9375-6451f54b10ea"}],"mode":2},"uid":"75f61a9a-ee08-4217-bac4-9a9eead886b7"},{"actionList":[{"data":"switch_orientation","extras":[],"flags":0,"type":"SYSTEM_ACTION","uid":"ba382df4-0cb1-4af7-bf5a-81622b9bc269"}],"constraintList":[],"constraintMode":1,"flags":0,"id":31,"isEnabled":true,"trigger":{"extras":[],"flags":0,"keys":[{"clickType":0,"deviceId":"io.github.sds100.keymapper.ANY_DEVICE","flags":1,"keyCode":113,"uid":"efcae35c-92bb-4a40-95f7-f66f7facdf59"},{"clickType":0,"deviceId":"io.github.sds100.keymapper.ANY_DEVICE","flags":1,"keyCode":57,"uid":"e9117a6c-e92a-4a4d-9541-ea22869757c6"},{"clickType":0,"deviceId":"io.github.sds100.keymapper.ANY_DEVICE","flags":0,"keyCode":47,"uid":"9c056038-860b-4b63-bef0-979ed9f740fd"}],"mode":0},"uid":"ed5941b7-551c-451e-9d62-1297f1eed6e8"}]}